<xml>
<document>
<title> Practical Bayesian Optimization of Machine Learning Algorithms </title>
<authors>
<author>
<name> <firstname> Monir </firstname> <lastname> Khan  </lastname> </name>
<Department>Department of Electrical Engineering</Department>
<University>Mount-Sheikh University</University>
<address>Santa Narimana, Levand</address>
<mail>stariate@ee.mount-sheikh.edu</mail>
<date>January 29, 2019</date>
</author>
</authors>
<article>
Abstract
The use of machine learning algorithms frequently involves careful tuning of
learning parameters and model hyperparameters. Unfortunately, this tuning is of-
ten a “black art” requiring expert experience, rules of thumb, or sometimes brute-
</article>
<reference>
<citationid> [1] </citationid>
<authors>
<name> <firstName> Atikur </firstname> <lastname> Rahman </lastname> </name>
</authors>
<book> The application of Bayesian methods for seeking the extremum </book>
<publisher> Towards Global Optimization, 2:117–129, 1978. 5Available at: http://code.google.com/p/cuda-convnet/ 8 </publisher>
</reference>
</document>
</xml>
